[
{
"Timestamp": 1385723524392, 
"Action": "test-addition", 
"Subtype": "1", 
"Duration": 42, 
"Flag": true
}
,{
"Timestamp": 1385723915159, 
"Action": "test-last", 
"Subtype": "2", 
"Duration": 390, 
"Flag": true
}
,{
"Timestamp": 1385724008786, 
"Action": "test-first", 
"Subtype": "1", 
"Duration": 93, 
"Flag": true
}
,{
"Timestamp": 1385724019818, 
"Action": "regression", 
"Subtype": "1", 
"Duration": 11, 
"Flag": true
}
,{
"Timestamp": 1385724532695, 
"Action": "codeProduction", 
"Subtype": "2", 
"Duration": 512, 
"Flag": true
}
,{
"Timestamp": 1385724699934, 
"Action": "test-addition", 
"Subtype": "2", 
"Duration": 167, 
"Flag": true
}
,{
"Timestamp": 1385724887513, 
"Action": "test-last", 
"Subtype": "2", 
"Duration": 187, 
"Flag": true
}
,{
"Timestamp": 1385725246062, 
"Action": "test-first", 
"Subtype": "2", 
"Duration": 358, 
"Flag": true
}
,{
"Timestamp": 1385725330987, 
"Action": "refactoring", 
"Subtype": "1A", 
"Duration": 84, 
"Flag": true
}
,{
"Timestamp": 1385725361816, 
"Action": "refactoring", 
"Subtype": "1A", 
"Duration": 30, 
"Flag": true
}
,{
"Timestamp": 1385726595514, 
"Action": "test-first", 
"Subtype": "3", 
"Duration": 1233, 
"Flag": true
}
,{
"Timestamp": 1385726718667, 
"Action": "refactoring", 
"Subtype": "2B", 
"Duration": 123, 
"Flag": true
}
,{
"Timestamp": 1385726855824, 
"Action": "refactoring", 
"Subtype": "2B", 
"Duration": 137, 
"Flag": true
}
]